{"cameraMode":{"drawMode":0,"name":"Shaded","section":"Shading Mode"},"sceneLighting":true,"audioPlay":false,"sceneViewState":{"m_AlwaysRefresh":false,"showFog":true,"showSkybox":true,"showFlares":true,"showImageEffects":true,"showParticleSystems":true,"showVisualEffectGraphs":true,"m_FxEnabled":true},"in2DMode":false,"pivot":{"x":32.71113586425781,"y":16.760826110839845,"z":-27.95028305053711},"rotation":{"x":-0.18589186668395997,"y":0.22816674411296845,"z":-0.04442741349339485,"w":-0.9546806812286377},"size":10.820452690124512,"orthographic":false}